<?xml version="1.0" encoding="UTF-8"?>
<!DOCTYPE hibernate-mapping PUBLIC 
    "-//Hibernate/Hibernate Mapping DTD 3.0//EN"
    "http://www.hibernate.org/dtd/hibernate-mapping-3.0.dtd">
<hibernate-mapping>
<class name="com.mvc.HibernateAssignment1.Employee" table="employee9">

<id name="id" column="id" type="int">
<generator class="increment"></generator>

</id>
<property name="name" column="name" type="string"></property>
<property name="salary" column="salary" type="string"></property>
</class>

</hibernate-mapping>